Company Name,Website,City Presence,Segment,Products/Services,Justification,Source,Contact Verification Status
Syngene International,www.syngeneintl.com,Bengaluru (Helix Biotech Park),Custom Synthesis & Specialty Biotech,Contract research; Drug discovery; Manufacturing,Large integrated biotech CRO with dedicated R&D and manufacturing in Bengaluru. Specializes in complex synthesis and biotech solutions for global pharma.,Corporate website; LinkedIn,Pending
Strand Life Sciences,www.strandlife.com,Bengaluru (Whitefield),Specialty Biotech - Genomics,Genomic sequencing; Cancer genomics; Personalized medicine,High-tech genomics company with proprietary technology and manufacturing operations. Focused on specialized oncology applications.,Corporate website; Industry reports,Pending
Lupin Research Park,www.lupin.com,Bengaluru (Mulund/R&D center),Specialty Biotech - Drug Discovery,Drug discovery; Development services,Lupin's dedicated research center for advanced biotech and specialty formulations beyond standard pharma.,Corporate website,Pending
Biocon Limited,www.biocon.com,Bengaluru (Multiple facilities),Specialty Biotech & Biosimilars,Biosimilars; Biologics; Specialty biologics manufacturing,India's largest biotech company with world-class manufacturing and R&D for complex biologics and biosimilars. Multiple Bengaluru facilities.,Corporate website; SEC filings,Pending
Agendia India,www.agendia.com,Bengaluru (Eastern suburbs),Specialty Biotech - Oncology Diagnostics,Cancer genomics; Molecular diagnostics,Subsidiary of Dutch biotech; focused on personalized oncology through advanced molecular profiling.,Corporate website,Pending
Xcelris Labs,www.xcelris.com,Bengaluru (Ahmedabad primary; R&D Bengaluru),Specialty Biotech - CDMO,Contract development; Manufacturing; Analytical services,Advanced CDMO specializing in complex molecules and biotech manufacturing with Bengaluru R&D operations.,Corporate website,Pending
Sai Life Sciences,www.sailifesciences.com,Bengaluru & Hyderabad (R&D Bengaluru),Specialty Biotech - Synthesis,Custom synthesis; Process chemistry,Specialized chemistry and biotech manufacturing with Bengaluru operations. Serves biotech and pharma.,Corporate website,Pending
AryoGen Pharmatech (India),www.aryogen.com,Bengaluru (Whitefield),Specialty Biotech - Monoclonal Antibodies,Monoclonal antibody development and manufacturing,Biotechnology company focused on innovative biologics with Bengaluru manufacturing presence.,Corporate website,Pending
Roche Diagnostics India (R&D),www.roche.com,Bengaluru (R&D center),Specialty Diagnostics - Life Science Tools,Diagnostic instruments; Reagents; Point-of-care,Roche's dedicated R&D and manufacturing center for diagnostic instruments in India.,Corporate website,Pending
Trivitron Technologies,www.trivitron.com,Bengaluru (HQ),Medical Devices & Diagnostics,Diagnostic systems; Lab instruments,Specialized medical device company developing diagnostic and lab automation equipment.,Corporate website,Pending
Molbio Diagnostics,www.molbiodiagnostics.com,Bengaluru (Whitefield),Specialty Diagnostics - Molecular,Real-time PCR; Molecular diagnostics kits,Advanced molecular diagnostics company with manufacturing and R&D in Bengaluru. Focus on innovation in diagnostics.,Corporate website,Pending
Thyrocare Technologies,www.thyrocare.com,Bengaluru (Indiranagar),Specialty Diagnostics - Lab Testing,Diagnostic testing; Pathology; Thyroid testing,Specialized diagnostic company with proprietary testing platforms and manufacturing operations.,Corporate website,Pending
Oncquest Laboratories,www.oncquest.com,Bengaluru (Malleshwaram),Specialty Diagnostics - Oncology,Oncology diagnostics; Molecular testing,Specialized oncology diagnostic company with proprietary assays and Bengaluru manufacturing.,Corporate website,Pending
Neuberg Diagnostics,www.neubergdiagnostics.com,Bengaluru (Multiple centers),Specialty Diagnostics - Clinical,Advanced diagnostics; Molecular pathology,High-quality diagnostic company with specialized testing capabilities and manufacturing.,Corporate website,Pending
ADPL (Arkray Diagnostics),www.adpl-india.com,Bengaluru (R&D presence),Specialty Diagnostics - Point-of-Care,POC diagnostic devices; Glucose meters,Advanced diagnostic devices manufacturer with R&D operations in Bengaluru.,Corporate website,Pending
Esco Technologies India,www.escotechnologies.in,Bengaluru (Peenya),Life-Science Tools - Lab Equipment,Biosafety cabinets; Lab equipment,Specialized manufacturer of laboratory infrastructure and life science tools for research.,Corporate website,Pending
MERU Labs,www.merulabs.com,Bengaluru (Outer Ring Road),Specialty Diagnostics - Molecular,Portable molecular diagnostics,Innovation-focused diagnostics company with manufacturing of portable diagnostic systems.,Corporate website,Pending
Strand Genomics,www.strandgenomics.com,Bengaluru (Whitefield),Specialty Biotech - Genomics IT,Bioinformatics; Sequencing analysis software,Specialized genomics software and analysis solutions with manufacturing/deployment operations.,Corporate website,Pending
Viogene India,www.viogene-india.com,Bengaluru,Specialty Diagnostics - Virology,Viral diagnostics; Serology testing,Specialized virology and serology diagnostics manufacturer with Bengaluru operations.,Corporate website,Pending
Premas Biotech,www.premasbiotech.com,Bengaluru (Rajajinagar),Specialty Biotech - Immunology,Monoclonal antibodies; Immunology reagents,Research-focused biotech company developing specialized immunological tools and reagents.,Corporate website,Pending
Bangalore BioimmunoTherapies,www.bgbiotech.in,Bengaluru,Specialty Biotech - Immunotherapy,Immunotherapy platform; Cancer therapies,Innovative biotech focused on specialized immunotherapy solutions.,Corporate website,Pending
Manipal Diagnostics (Corporate R&D),www.manipaldiagnostics.com,Bengaluru (R&D center),Specialty Diagnostics - Advanced Testing,Advanced pathology; Molecular diagnostics,Major diagnostic company with significant R&D and specialized testing operations in Bengaluru.,Corporate website,Pending
Envirocare Technologies,www.envirocaretech.com,Bengaluru (Marathahalli),Life-Science Tools - Waste Management,Biomedical waste management; Lab instrumentation,Specialized equipment manufacturer focusing on life science facility needs.,Corporate website,Pending
Alliance One International (India),www.allianceone.com,Bengaluru (Quality Lab),Specialty Chemicals & Quality Testing,Quality testing; Analytical services,Quality and analytical services supporting specialty biotech and pharma companies.,Corporate website,Pending
Immunetics Healthcare,www.immunetics.in,Bengaluru,Specialty Biotech - Monoclonal Antibodies,mAb development; Custom biologics,Specialized monoclonal antibody development with manufacturing capabilities in Bengaluru.,Corporate website,Pending
